<resources>
    <integer name="install_start_page">-1</integer>
    <integer name="stk_install_start_page">0</integer>
    <!-- zhuyan config workspace screen count and default screen-->
    <integer name="config_desktopScreens">5</integer>
    <integer name="config_defaultScreen">2</integer>
    <!--zhuyan config default deskEffect-->
    <integer name="defalt_effect_type">0</integer>
    <bool name="not_need_lock_setting">false</bool>
    <bool name="is_dual">false</bool>   
    <bool name="config_cycle_screen">true</bool> 
    <bool name="main_menu_wallpaper">false</bool>    
    <bool name="not_need_lock_wallpaper">false</bool>   
     <bool name="need_widget_center_text">true</bool>  
</resources>
